<?xml version="1.0" encoding="UTF-8"?>
<!--
  ~ Copyright (C) 2019 Baidu, Inc. All Rights Reserved.
  -->
<configuration debug="true" scan="true">

    <include resource="org/springframework/boot/logging/logback/defaults.xml"/>
    <include resource="org/springframework/boot/logging/logback/console-appender.xml"/>

    <property name="LOG_FILE" value="${LOG_FILE:-${LOG_PATH:-${LOG_TEMP:-${java.io.tmpdir:-/tmp}}}/video-withdrawal/spring.log}"/>
    <property name="ERR_LOG_FILE" value="${LOG_FILE}.err"/>
    <property name="LOG_FILE_MAX_SIZE" value="100MB"/>
    <property name="LOG_FILE_MAX_HISTORY" value="240"/>
    <property name="TIME_CONSUMING_LOG_FILE" value="/tmp/video-task/time_consuming.log}"/>

    <appender name="FILE" class="ch.qos.logback.core.rolling.RollingFileAppender">
        <encoder>
            <pattern>${FILE_LOG_PATTERN}</pattern>
        </encoder>
        <file>${LOG_FILE}</file>
        <rollingPolicy class="ch.qos.logback.core.rolling.SizeAndTimeBasedRollingPolicy">
            <fileNamePattern>${LOG_FILE}.%d{yyyy-MM-dd-HH}.%i.gz</fileNamePattern>
            <maxFileSize>${LOG_FILE_MAX_SIZE}</maxFileSize>
            <maxHistory>${LOG_FILE_MAX_HISTORY}</maxHistory>
        </rollingPolicy>
        <encoder>
            <pattern>${FILE_LOG_PATTERN}</pattern>
            <charset class="java.nio.charset.Charset">UTF-8</charset>
        </encoder>
    </appender>

    <!-- 错误日志 -->
    <appender name="ERR" class="ch.qos.logback.core.rolling.RollingFileAppender">
        <file>${ERR_LOG_FILE}</file>
        <rollingPolicy class="ch.qos.logback.core.rolling.SizeAndTimeBasedRollingPolicy">
            <fileNamePattern>${ERR_LOG_FILE}.%d{yyyy-MM-dd-HH}.%i.gz</fileNamePattern>
            <maxFileSize>${LOG_FILE_MAX_SIZE}</maxFileSize>
            <maxHistory>${LOG_FILE_MAX_HISTORY}</maxHistory>
        </rollingPolicy>
        <filter class="ch.qos.logback.classic.filter.ThresholdFilter">
            <level>WARN</level>
        </filter>
        <encoder>
            <pattern>${FILE_LOG_PATTERN}</pattern>
            <charset class="java.nio.charset.Charset">UTF-8</charset>
        </encoder>
    </appender>

    <appender name="TIME_CONSUMING" class="ch.qos.logback.core.rolling.RollingFileAppender">
        <encoder>
            <pattern>${FILE_LOG_PATTERN}</pattern>
        </encoder>
        <file>${TIME_CONSUMING_LOG_FILE}</file>
        <rollingPolicy class="ch.qos.logback.core.rolling.SizeAndTimeBasedRollingPolicy">
            <fileNamePattern>${TIME_CONSUMING_LOG_FILE}.%d{yyyy-MM-dd-HH}.%i.gz</fileNamePattern>
            <maxFileSize>${LOG_FILE_MAX_SIZE}</maxFileSize>
            <maxHistory>${LOG_FILE_MAX_HISTORY}</maxHistory>
        </rollingPolicy>
        <encoder>
            <pattern>${FILE_LOG_PATTERN}</pattern>
            <charset class="java.nio.charset.Charset">UTF-8</charset>
        </encoder>
    </appender>

    <appender name ="ASYNC_TIME_CONSUMING" class= "ch.qos.logback.classic.AsyncAppender">
        <discardingThreshold>0</discardingThreshold>
        <queueSize>10000</queueSize>
        <appender-ref ref ="TIME_CONSUMING"/>
    </appender>

    <logger name="time_consuming" additivity="false" level="INFO">
        <appender-ref ref="ASYNC_TIME_CONSUMING"/>
    </logger>

    <springProfile name="dev">
        <root>
            <level value="INFO"/>
            <appender-ref ref="ERR"/>
            <appender-ref ref="CONSOLE"/>
            <appender-ref ref="FILE"/>
        </root>
    </springProfile>
    <springProfile name="sandbox">
        <root>
            <level value="INFO"/>
            <appender-ref ref="ERR"/>
            <appender-ref ref="CONSOLE"/>
            <appender-ref ref="FILE"/>
        </root>
    </springProfile>
    <springProfile name="prod">
        <root>
            <level value="INFO"/>
            <appender-ref ref="ERR"/>
            <appender-ref ref="CONSOLE"/>
            <appender-ref ref="FILE"/>
        </root>
    </springProfile>
</configuration>